Model,Accuracy
SVM,0.7029520295202952
Random Forest,0.8540758134854076
Naive Bayes,0.42905065414290505
DNN,0.7388460040092468
