Model,Accuracy,Benign Count,Malicious Count
SVM,0.7029520295202952,381,823
Random Forest,0.8540758134854076,363,914
Naive Bayes,0.42905065414290505,187,564
DNN,0.7525997757911682,381,868
