Model,Accuracy,Malicious Count,Benign Count
SVM,0.7029520295202952,823,381
Random Forest,0.8540758134854076,914,363
Naive Bayes,0.42905065414290505,564,187
DNN,0.7346528172492981,865,398
